--STATES
INSERT INTO STATES(ID, DESCRIPTION) VALUES(1, 'Confirmado');
INSERT INTO STATES(ID, DESCRIPTION) VALUES(2, 'Descartado');
INSERT INTO STATES(ID, DESCRIPTION) VALUES(3, 'Pendiente');

--PAYMENT_OPTIONS
INSERT INTO PAYMENT_OPTIONS(ID, DESCRIPTION) VALUES(1, 'Tarjeta');
INSERT INTO PAYMENT_OPTIONS(ID, DESCRIPTION) VALUES(2, 'Contado al retirar');
INSERT INTO PAYMENT_OPTIONS(ID, DESCRIPTION) VALUES(3, 'Contado contra entrega');

--USERS
INSERT INTO USERS(ID, FIRST_NAME, LAST_NAME, EMAIL, QUALIFICATION) VALUES(1, 'Juliana', 'Coleman', NULL, 7);
INSERT INTO USERS(ID, FIRST_NAME, LAST_NAME, EMAIL, QUALIFICATION) VALUES(2, 'Arnold', 'Bumstead', NULL, 8);
INSERT INTO USERS(ID, FIRST_NAME, LAST_NAME, EMAIL, QUALIFICATION) VALUES(3, 'Karina', 'Schwarzenegger', NULL, 10);
INSERT INTO USERS(ID, FIRST_NAME, LAST_NAME, EMAIL, QUALIFICATION) VALUES(4, 'Esteban', 'Rodriguez', NULL, 4);
INSERT INTO USERS(ID, FIRST_NAME, LAST_NAME, EMAIL, QUALIFICATION) VALUES(5, 'Jimmy', 'Mentzer', NULL, 2);
INSERT INTO USERS(ID, FIRST_NAME, LAST_NAME, EMAIL, QUALIFICATION) VALUES(6, 'Sofia', 'McGill', NULL, 9);

--QUOTES
INSERT INTO QUOTES(ID, USER_ID, PICK_UP_DATE, DELIVERY_DATE, AMOUNT) VALUES(2, 2, '05/05/2024', '10/05/2024', 600);
INSERT INTO QUOTES(ID, USER_ID, PICK_UP_DATE, DELIVERY_DATE, AMOUNT) VALUES(1, 1, '05/05/2024', '05/05/2024', 1300);
INSERT INTO QUOTES(ID, USER_ID, PICK_UP_DATE, DELIVERY_DATE, AMOUNT) VALUES(3, 3, '05/05/2024', '06/05/2024', 1000);
INSERT INTO QUOTES(ID, USER_ID, PICK_UP_DATE, DELIVERY_DATE, AMOUNT) VALUES(4, 4, '05/05/2024', '07/05/2024', 1500);
INSERT INTO QUOTES(ID, USER_ID, PICK_UP_DATE, DELIVERY_DATE, AMOUNT) VALUES(5, 5, '05/05/2024', '05/05/2024', 1800);
INSERT INTO QUOTES(ID, USER_ID, PICK_UP_DATE, DELIVERY_DATE, AMOUNT) VALUES(6, 6, '05/05/2024', '06/05/2024', 2000);

--QUOTES_X_PAYMENT_OPTIONS
INSERT INTO QUOTES_X_PAYMENT_OPTIONS(ID, QUOTE_ID, PAYMENT_OPTION_ID) VALUES(3, 1, 3);
INSERT INTO QUOTES_X_PAYMENT_OPTIONS(ID, QUOTE_ID, PAYMENT_OPTION_ID) VALUES(2, 1, 2);
INSERT INTO QUOTES_X_PAYMENT_OPTIONS(ID, QUOTE_ID, PAYMENT_OPTION_ID) VALUES(4, 2, 1);
INSERT INTO QUOTES_X_PAYMENT_OPTIONS(ID, QUOTE_ID, PAYMENT_OPTION_ID) VALUES(7, 3, 1);
INSERT INTO QUOTES_X_PAYMENT_OPTIONS(ID, QUOTE_ID, PAYMENT_OPTION_ID) VALUES(8, 3, 2);
INSERT INTO QUOTES_X_PAYMENT_OPTIONS(ID, QUOTE_ID, PAYMENT_OPTION_ID) VALUES(9, 3, 3);
INSERT INTO QUOTES_X_PAYMENT_OPTIONS(ID, QUOTE_ID, PAYMENT_OPTION_ID) VALUES(10, 4, 1);
INSERT INTO QUOTES_X_PAYMENT_OPTIONS(ID, QUOTE_ID, PAYMENT_OPTION_ID) VALUES(12, 4, 3);
INSERT INTO QUOTES_X_PAYMENT_OPTIONS(ID, QUOTE_ID, PAYMENT_OPTION_ID) VALUES(14, 5, 2);
INSERT INTO QUOTES_X_PAYMENT_OPTIONS(ID, QUOTE_ID, PAYMENT_OPTION_ID) VALUES(16, 6, 1);
INSERT INTO QUOTES_X_PAYMENT_OPTIONS(ID, QUOTE_ID, PAYMENT_OPTION_ID) VALUES(17, 6, 2);
INSERT INTO QUOTES_X_PAYMENT_OPTIONS(ID, QUOTE_ID, PAYMENT_OPTION_ID) VALUES(18, 6, 3);